,filename,labels
0,withmask.0.jpeg,withmask
1,withmask.1.jpeg,withmask
2,withmask.10.jpeg,withmask
3,withmask.100.jpeg,withmask
4,withmask.101.jpeg,withmask
5,withmask.102.jpeg,withmask
6,withmask.103.jpeg,withmask
7,withmask.104.jpeg,withmask
8,withmask.105.jpeg,withmask
9,withmask.106.jpeg,withmask
10,withmask.107.jpeg,withmask
11,withmask.108.jpeg,withmask
12,withmask.109.jpeg,withmask
13,withmask.11.jpeg,withmask
14,withmask.110.jpeg,withmask
15,withmask.111.jpeg,withmask
16,withmask.112.jpeg,withmask
17,withmask.113.jpeg,withmask
18,withmask.114.jpeg,withmask
19,withmask.115.jpeg,withmask
20,withmask.116.jpeg,withmask
21,withmask.117.jpeg,withmask
22,withmask.118.jpeg,withmask
23,withmask.119.jpeg,withmask
24,withmask.12.jpeg,withmask
25,withmask.120.jpeg,withmask
26,withmask.121.jpeg,withmask
27,withmask.122.jpeg,withmask
28,withmask.123.jpeg,withmask
29,withmask.124.jpeg,withmask
30,withmask.125.jpeg,withmask
31,withmask.126.jpeg,withmask
32,withmask.127.jpeg,withmask
33,withmask.128.jpeg,withmask
34,withmask.129.jpeg,withmask
35,withmask.13.jpeg,withmask
36,withmask.130.jpeg,withmask
37,withmask.131.jpeg,withmask
38,withmask.132.jpeg,withmask
39,withmask.133.jpeg,withmask
40,withmask.134.jpeg,withmask
41,withmask.135.jpeg,withmask
42,withmask.136.jpeg,withmask
43,withmask.137.jpeg,withmask
44,withmask.138.jpeg,withmask
45,withmask.139.jpeg,withmask
46,withmask.14.jpeg,withmask
47,withmask.140.jpeg,withmask
48,withmask.141.jpeg,withmask
49,withmask.142.jpeg,withmask
50,withmask.143.jpeg,withmask
51,withmask.144.jpeg,withmask
52,withmask.145.jpeg,withmask
53,withmask.146.jpeg,withmask
54,withmask.147.jpeg,withmask
55,withmask.148.jpeg,withmask
56,withmask.149.jpeg,withmask
57,withmask.15.jpeg,withmask
58,withmask.150.jpeg,withmask
59,withmask.151.jpeg,withmask
60,withmask.152.jpeg,withmask
61,withmask.153.jpeg,withmask
62,withmask.154.jpeg,withmask
63,withmask.155.jpeg,withmask
64,withmask.156.jpeg,withmask
65,withmask.157.jpeg,withmask
66,withmask.158.jpeg,withmask
67,withmask.159.jpeg,withmask
68,withmask.16.jpeg,withmask
69,withmask.160.jpeg,withmask
70,withmask.161.jpeg,withmask
71,withmask.162.jpeg,withmask
72,withmask.163.jpeg,withmask
73,withmask.164.jpeg,withmask
74,withmask.165.jpeg,withmask
75,withmask.166.jpeg,withmask
76,withmask.167.jpeg,withmask
77,withmask.168.jpeg,withmask
78,withmask.169.jpeg,withmask
79,withmask.17.jpeg,withmask
80,withmask.170.jpeg,withmask
81,withmask.171.jpeg,withmask
82,withmask.172.jpeg,withmask
83,withmask.173.jpeg,withmask
84,withmask.174.jpeg,withmask
85,withmask.175.jpeg,withmask
86,withmask.176.jpeg,withmask
87,withmask.177.jpeg,withmask
88,withmask.178.jpeg,withmask
89,withmask.179.jpeg,withmask
90,withmask.18.jpeg,withmask
91,withmask.180.jpeg,withmask
92,withmask.181.jpeg,withmask
93,withmask.182.jpeg,withmask
94,withmask.183.jpeg,withmask
95,withmask.184.jpeg,withmask
96,withmask.185.jpeg,withmask
97,withmask.186.jpeg,withmask
98,withmask.187.jpeg,withmask
99,withmask.188.jpeg,withmask
100,withmask.189.jpeg,withmask
101,withmask.19.jpeg,withmask
102,withmask.190.jpeg,withmask
103,withmask.191.jpeg,withmask
104,withmask.192.jpeg,withmask
105,withmask.193.jpeg,withmask
106,withmask.194.jpeg,withmask
107,withmask.195.jpeg,withmask
108,withmask.196.jpeg,withmask
109,withmask.197.jpeg,withmask
110,withmask.198.jpeg,withmask
111,withmask.199.jpeg,withmask
112,withmask.2.jpeg,withmask
113,withmask.20.jpeg,withmask
114,withmask.200.jpeg,withmask
115,withmask.201.jpeg,withmask
116,withmask.202.jpeg,withmask
117,withmask.203.jpeg,withmask
118,withmask.204.jpeg,withmask
119,withmask.205.jpeg,withmask
120,withmask.206.jpeg,withmask
121,withmask.207.jpeg,withmask
122,withmask.208.jpeg,withmask
123,withmask.209.jpeg,withmask
124,withmask.21.jpeg,withmask
125,withmask.210.jpeg,withmask
126,withmask.211.jpeg,withmask
127,withmask.212.jpeg,withmask
128,withmask.213.jpeg,withmask
129,withmask.214.jpeg,withmask
130,withmask.215.jpeg,withmask
131,withmask.216.jpeg,withmask
132,withmask.217.jpeg,withmask
133,withmask.218.jpeg,withmask
134,withmask.219.jpeg,withmask
135,withmask.22.jpeg,withmask
136,withmask.220.jpeg,withmask
137,withmask.221.jpeg,withmask
138,withmask.222.jpeg,withmask
139,withmask.223.jpeg,withmask
140,withmask.224.jpeg,withmask
141,withmask.225.jpeg,withmask
142,withmask.226.jpeg,withmask
143,withmask.227.jpeg,withmask
144,withmask.228.jpeg,withmask
145,withmask.229.jpeg,withmask
146,withmask.23.jpeg,withmask
147,withmask.230.jpeg,withmask
148,withmask.231.jpeg,withmask
149,withmask.232.jpeg,withmask
150,withmask.233.jpeg,withmask
151,withmask.234.jpeg,withmask
152,withmask.235.jpeg,withmask
153,withmask.236.jpeg,withmask
154,withmask.237.jpeg,withmask
155,withmask.238.jpeg,withmask
156,withmask.239.jpeg,withmask
157,withmask.24.jpeg,withmask
158,withmask.240.jpeg,withmask
159,withmask.241.jpeg,withmask
160,withmask.242.jpeg,withmask
161,withmask.243.jpeg,withmask
162,withmask.244.jpeg,withmask
163,withmask.245.jpeg,withmask
164,withmask.246.jpeg,withmask
165,withmask.247.jpeg,withmask
166,withmask.248.jpeg,withmask
167,withmask.249.jpeg,withmask
168,withmask.25.jpeg,withmask
169,withmask.250.jpeg,withmask
170,withmask.251.jpeg,withmask
171,withmask.252.jpeg,withmask
172,withmask.253.jpeg,withmask
173,withmask.254.jpeg,withmask
174,withmask.255.jpeg,withmask
175,withmask.256.jpeg,withmask
176,withmask.257.jpeg,withmask
177,withmask.258.jpeg,withmask
178,withmask.259.jpeg,withmask
179,withmask.26.jpeg,withmask
180,withmask.260.jpeg,withmask
181,withmask.261.jpeg,withmask
182,withmask.262.jpeg,withmask
183,withmask.263.jpeg,withmask
184,withmask.264.jpeg,withmask
185,withmask.265.jpeg,withmask
186,withmask.266.jpeg,withmask
187,withmask.267.jpeg,withmask
188,withmask.268.jpeg,withmask
189,withmask.269.jpeg,withmask
190,withmask.27.jpeg,withmask
191,withmask.270.jpeg,withmask
192,withmask.271.jpeg,withmask
193,withmask.272.jpeg,withmask
194,withmask.273.jpeg,withmask
195,withmask.274.jpeg,withmask
196,withmask.275.jpeg,withmask
197,withmask.276.jpeg,withmask
198,withmask.277.jpeg,withmask
199,withmask.278.jpeg,withmask
200,withmask.279.jpeg,withmask
201,withmask.28.jpeg,withmask
202,withmask.280.jpeg,withmask
203,withmask.281.jpeg,withmask
204,withmask.282.jpeg,withmask
205,withmask.283.jpeg,withmask
206,withmask.284.jpeg,withmask
207,withmask.285.jpeg,withmask
208,withmask.286.jpeg,withmask
209,withmask.287.jpeg,withmask
210,withmask.288.jpeg,withmask
211,withmask.289.jpeg,withmask
212,withmask.29.jpeg,withmask
213,withmask.290.jpeg,withmask
214,withmask.291.jpeg,withmask
215,withmask.292.jpeg,withmask
216,withmask.293.jpeg,withmask
217,withmask.3.jpeg,withmask
218,withmask.30.jpeg,withmask
219,withmask.31.jpeg,withmask
220,withmask.32.jpeg,withmask
221,withmask.33.jpeg,withmask
222,withmask.34.jpeg,withmask
223,withmask.35.jpeg,withmask
224,withmask.36.jpeg,withmask
225,withmask.37.jpeg,withmask
226,withmask.38.jpeg,withmask
227,withmask.39.jpeg,withmask
228,withmask.4.jpeg,withmask
229,withmask.40.jpeg,withmask
230,withmask.41.jpeg,withmask
231,withmask.42.jpeg,withmask
232,withmask.43.jpeg,withmask
233,withmask.44.jpeg,withmask
234,withmask.45.jpeg,withmask
235,withmask.46.jpeg,withmask
236,withmask.47.jpeg,withmask
237,withmask.48.jpeg,withmask
238,withmask.49.jpeg,withmask
239,withmask.5.jpeg,withmask
240,withmask.50.jpeg,withmask
241,withmask.51.jpeg,withmask
242,withmask.52.jpeg,withmask
243,withmask.53.jpeg,withmask
244,withmask.54.jpeg,withmask
245,withmask.55.jpeg,withmask
246,withmask.56.jpeg,withmask
247,withmask.57.jpeg,withmask
248,withmask.58.jpeg,withmask
249,withmask.59.jpeg,withmask
250,withmask.6.jpeg,withmask
251,withmask.60.jpeg,withmask
252,withmask.61.jpeg,withmask
253,withmask.62.jpeg,withmask
254,withmask.63.jpeg,withmask
255,withmask.64.jpeg,withmask
256,withmask.65.jpeg,withmask
257,withmask.66.jpeg,withmask
258,withmask.67.jpeg,withmask
259,withmask.68.jpeg,withmask
260,withmask.69.jpeg,withmask
261,withmask.7.jpeg,withmask
262,withmask.70.jpeg,withmask
263,withmask.71.jpeg,withmask
264,withmask.72.jpeg,withmask
265,withmask.73.jpeg,withmask
266,withmask.74.jpeg,withmask
267,withmask.75.jpeg,withmask
268,withmask.76.jpeg,withmask
269,withmask.77.jpeg,withmask
270,withmask.78.jpeg,withmask
271,withmask.79.jpeg,withmask
272,withmask.8.jpeg,withmask
273,withmask.80.jpeg,withmask
274,withmask.81.jpeg,withmask
275,withmask.82.jpeg,withmask
276,withmask.83.jpeg,withmask
277,withmask.84.jpeg,withmask
278,withmask.85.jpeg,withmask
279,withmask.86.jpeg,withmask
280,withmask.87.jpeg,withmask
281,withmask.88.jpeg,withmask
282,withmask.89.jpeg,withmask
283,withmask.9.jpeg,withmask
284,withmask.90.jpeg,withmask
285,withmask.91.jpeg,withmask
286,withmask.92.jpeg,withmask
287,withmask.93.jpeg,withmask
288,withmask.94.jpeg,withmask
289,withmask.95.jpeg,withmask
290,withmask.96.jpeg,withmask
291,withmask.97.jpeg,withmask
292,withmask.98.jpeg,withmask
293,withmask.99.jpeg,withmask
294,withoutmask.0.jpeg,withoutmask
295,withoutmask.1.jpeg,withoutmask
296,withoutmask.10.jpeg,withoutmask
297,withoutmask.100.jpeg,withoutmask
298,withoutmask.101.jpeg,withoutmask
299,withoutmask.102.jpeg,withoutmask
300,withoutmask.103.jpeg,withoutmask
301,withoutmask.104.jpeg,withoutmask
302,withoutmask.105.jpeg,withoutmask
303,withoutmask.106.jpeg,withoutmask
304,withoutmask.107.jpeg,withoutmask
305,withoutmask.108.jpeg,withoutmask
306,withoutmask.109.jpeg,withoutmask
307,withoutmask.11.jpeg,withoutmask
308,withoutmask.110.jpeg,withoutmask
309,withoutmask.111.jpeg,withoutmask
310,withoutmask.112.jpeg,withoutmask
311,withoutmask.113.jpeg,withoutmask
312,withoutmask.114.jpeg,withoutmask
313,withoutmask.115.jpeg,withoutmask
314,withoutmask.116.jpeg,withoutmask
315,withoutmask.117.jpeg,withoutmask
316,withoutmask.118.jpeg,withoutmask
317,withoutmask.119.jpeg,withoutmask
318,withoutmask.12.jpeg,withoutmask
319,withoutmask.120.jpeg,withoutmask
320,withoutmask.121.jpeg,withoutmask
321,withoutmask.122.jpeg,withoutmask
322,withoutmask.123.jpeg,withoutmask
323,withoutmask.124.jpeg,withoutmask
324,withoutmask.125.jpeg,withoutmask
325,withoutmask.126.jpeg,withoutmask
326,withoutmask.127.jpeg,withoutmask
327,withoutmask.128.jpeg,withoutmask
328,withoutmask.129.jpeg,withoutmask
329,withoutmask.13.jpeg,withoutmask
330,withoutmask.130.jpeg,withoutmask
331,withoutmask.131.jpeg,withoutmask
332,withoutmask.132.jpeg,withoutmask
333,withoutmask.133.jpeg,withoutmask
334,withoutmask.134.jpeg,withoutmask
335,withoutmask.135.jpeg,withoutmask
336,withoutmask.136.jpeg,withoutmask
337,withoutmask.137.jpeg,withoutmask
338,withoutmask.138.jpeg,withoutmask
339,withoutmask.139.jpeg,withoutmask
340,withoutmask.14.jpeg,withoutmask
341,withoutmask.140.jpeg,withoutmask
342,withoutmask.141.jpeg,withoutmask
343,withoutmask.142.jpeg,withoutmask
344,withoutmask.143.jpeg,withoutmask
345,withoutmask.144.jpeg,withoutmask
346,withoutmask.145.jpeg,withoutmask
347,withoutmask.146.jpeg,withoutmask
348,withoutmask.147.jpeg,withoutmask
349,withoutmask.148.jpeg,withoutmask
350,withoutmask.149.jpeg,withoutmask
351,withoutmask.15.jpeg,withoutmask
352,withoutmask.150.jpeg,withoutmask
353,withoutmask.151.jpeg,withoutmask
354,withoutmask.152.jpeg,withoutmask
355,withoutmask.153.jpeg,withoutmask
356,withoutmask.154.jpeg,withoutmask
357,withoutmask.155.jpeg,withoutmask
358,withoutmask.156.jpeg,withoutmask
359,withoutmask.157.jpeg,withoutmask
360,withoutmask.158.jpeg,withoutmask
361,withoutmask.159.jpeg,withoutmask
362,withoutmask.16.jpeg,withoutmask
363,withoutmask.160.jpeg,withoutmask
364,withoutmask.161.jpeg,withoutmask
365,withoutmask.162.jpeg,withoutmask
366,withoutmask.163.jpeg,withoutmask
367,withoutmask.164.jpeg,withoutmask
368,withoutmask.165.jpeg,withoutmask
369,withoutmask.166.jpeg,withoutmask
370,withoutmask.167.jpeg,withoutmask
371,withoutmask.168.jpeg,withoutmask
372,withoutmask.169.jpeg,withoutmask
373,withoutmask.17.jpeg,withoutmask
374,withoutmask.170.jpeg,withoutmask
375,withoutmask.171.jpeg,withoutmask
376,withoutmask.172.jpeg,withoutmask
377,withoutmask.173.jpeg,withoutmask
378,withoutmask.174.jpeg,withoutmask
379,withoutmask.175.jpeg,withoutmask
380,withoutmask.176.jpeg,withoutmask
381,withoutmask.177.jpeg,withoutmask
382,withoutmask.178.jpeg,withoutmask
383,withoutmask.179.jpeg,withoutmask
384,withoutmask.18.jpeg,withoutmask
385,withoutmask.180.jpeg,withoutmask
386,withoutmask.181.jpeg,withoutmask
387,withoutmask.182.jpeg,withoutmask
388,withoutmask.183.jpeg,withoutmask
389,withoutmask.184.jpeg,withoutmask
390,withoutmask.185.jpeg,withoutmask
391,withoutmask.186.jpeg,withoutmask
392,withoutmask.187.jpeg,withoutmask
393,withoutmask.188.jpeg,withoutmask
394,withoutmask.189.jpeg,withoutmask
395,withoutmask.19.jpeg,withoutmask
396,withoutmask.190.jpeg,withoutmask
397,withoutmask.191.jpeg,withoutmask
398,withoutmask.192.jpeg,withoutmask
399,withoutmask.193.jpeg,withoutmask
400,withoutmask.194.jpeg,withoutmask
401,withoutmask.195.jpeg,withoutmask
402,withoutmask.196.jpeg,withoutmask
403,withoutmask.197.jpeg,withoutmask
404,withoutmask.198.jpeg,withoutmask
405,withoutmask.199.jpeg,withoutmask
406,withoutmask.2.jpeg,withoutmask
407,withoutmask.20.jpeg,withoutmask
408,withoutmask.200.jpeg,withoutmask
409,withoutmask.201.jpeg,withoutmask
410,withoutmask.202.jpeg,withoutmask
411,withoutmask.203.jpeg,withoutmask
412,withoutmask.204.jpeg,withoutmask
413,withoutmask.205.jpeg,withoutmask
414,withoutmask.206.jpeg,withoutmask
415,withoutmask.207.jpeg,withoutmask
416,withoutmask.208.jpeg,withoutmask
417,withoutmask.209.jpeg,withoutmask
418,withoutmask.21.jpeg,withoutmask
419,withoutmask.210.jpeg,withoutmask
420,withoutmask.211.jpeg,withoutmask
421,withoutmask.212.jpeg,withoutmask
422,withoutmask.213.jpeg,withoutmask
423,withoutmask.214.jpeg,withoutmask
424,withoutmask.215.jpeg,withoutmask
425,withoutmask.216.jpeg,withoutmask
426,withoutmask.217.jpeg,withoutmask
427,withoutmask.218.jpeg,withoutmask
428,withoutmask.219.jpeg,withoutmask
429,withoutmask.22.jpeg,withoutmask
430,withoutmask.220.jpeg,withoutmask
431,withoutmask.221.jpeg,withoutmask
432,withoutmask.222.jpeg,withoutmask
433,withoutmask.223.jpeg,withoutmask
434,withoutmask.224.jpeg,withoutmask
435,withoutmask.225.jpeg,withoutmask
436,withoutmask.226.jpeg,withoutmask
437,withoutmask.227.jpeg,withoutmask
438,withoutmask.228.jpeg,withoutmask
439,withoutmask.229.jpeg,withoutmask
440,withoutmask.23.jpeg,withoutmask
441,withoutmask.230.jpeg,withoutmask
442,withoutmask.231.jpeg,withoutmask
443,withoutmask.232.jpeg,withoutmask
444,withoutmask.233.jpeg,withoutmask
445,withoutmask.234.jpeg,withoutmask
446,withoutmask.235.jpeg,withoutmask
447,withoutmask.236.jpeg,withoutmask
448,withoutmask.237.jpeg,withoutmask
449,withoutmask.238.jpeg,withoutmask
450,withoutmask.239.jpeg,withoutmask
451,withoutmask.24.jpeg,withoutmask
452,withoutmask.240.jpeg,withoutmask
453,withoutmask.241.jpeg,withoutmask
454,withoutmask.242.jpeg,withoutmask
455,withoutmask.243.jpeg,withoutmask
456,withoutmask.244.jpeg,withoutmask
457,withoutmask.245.jpeg,withoutmask
458,withoutmask.246.jpeg,withoutmask
459,withoutmask.247.jpeg,withoutmask
460,withoutmask.248.jpeg,withoutmask
461,withoutmask.249.jpeg,withoutmask
462,withoutmask.25.jpeg,withoutmask
463,withoutmask.250.jpeg,withoutmask
464,withoutmask.251.jpeg,withoutmask
465,withoutmask.252.jpeg,withoutmask
466,withoutmask.253.jpeg,withoutmask
467,withoutmask.254.jpeg,withoutmask
468,withoutmask.255.jpeg,withoutmask
469,withoutmask.256.jpeg,withoutmask
470,withoutmask.257.jpeg,withoutmask
471,withoutmask.258.jpeg,withoutmask
472,withoutmask.259.jpeg,withoutmask
473,withoutmask.26.jpeg,withoutmask
474,withoutmask.260.jpeg,withoutmask
475,withoutmask.261.jpeg,withoutmask
476,withoutmask.262.jpeg,withoutmask
477,withoutmask.263.jpeg,withoutmask
478,withoutmask.264.jpeg,withoutmask
479,withoutmask.265.jpeg,withoutmask
480,withoutmask.266.jpeg,withoutmask
481,withoutmask.267.jpeg,withoutmask
482,withoutmask.268.jpeg,withoutmask
483,withoutmask.269.jpeg,withoutmask
484,withoutmask.27.jpeg,withoutmask
485,withoutmask.270.jpeg,withoutmask
486,withoutmask.271.jpeg,withoutmask
487,withoutmask.272.jpeg,withoutmask
488,withoutmask.273.jpeg,withoutmask
489,withoutmask.274.jpeg,withoutmask
490,withoutmask.275.jpeg,withoutmask
491,withoutmask.276.jpeg,withoutmask
492,withoutmask.277.jpeg,withoutmask
493,withoutmask.278.jpeg,withoutmask
494,withoutmask.279.jpeg,withoutmask
495,withoutmask.28.jpeg,withoutmask
496,withoutmask.280.jpeg,withoutmask
497,withoutmask.29.jpeg,withoutmask
498,withoutmask.3.jpeg,withoutmask
499,withoutmask.30.jpeg,withoutmask
500,withoutmask.31.jpeg,withoutmask
501,withoutmask.32.jpeg,withoutmask
502,withoutmask.33.jpeg,withoutmask
503,withoutmask.34.jpeg,withoutmask
504,withoutmask.35.jpeg,withoutmask
505,withoutmask.36.jpeg,withoutmask
506,withoutmask.37.jpeg,withoutmask
507,withoutmask.38.jpeg,withoutmask
508,withoutmask.39.jpeg,withoutmask
509,withoutmask.4.jpeg,withoutmask
510,withoutmask.40.jpeg,withoutmask
511,withoutmask.41.jpeg,withoutmask
512,withoutmask.42.jpeg,withoutmask
513,withoutmask.43.jpeg,withoutmask
514,withoutmask.44.jpeg,withoutmask
515,withoutmask.45.jpeg,withoutmask
516,withoutmask.46.jpeg,withoutmask
517,withoutmask.47.jpeg,withoutmask
518,withoutmask.48.jpeg,withoutmask
519,withoutmask.49.jpeg,withoutmask
520,withoutmask.5.jpeg,withoutmask
521,withoutmask.50.jpeg,withoutmask
522,withoutmask.51.jpeg,withoutmask
523,withoutmask.52.jpeg,withoutmask
524,withoutmask.53.jpeg,withoutmask
525,withoutmask.54.jpeg,withoutmask
526,withoutmask.55.jpeg,withoutmask
527,withoutmask.56.jpeg,withoutmask
528,withoutmask.57.jpeg,withoutmask
529,withoutmask.58.jpeg,withoutmask
530,withoutmask.59.jpeg,withoutmask
531,withoutmask.6.jpeg,withoutmask
532,withoutmask.60.jpeg,withoutmask
533,withoutmask.61.jpeg,withoutmask
534,withoutmask.62.jpeg,withoutmask
535,withoutmask.63.jpeg,withoutmask
536,withoutmask.64.jpeg,withoutmask
537,withoutmask.65.jpeg,withoutmask
538,withoutmask.66.jpeg,withoutmask
539,withoutmask.67.jpeg,withoutmask
540,withoutmask.68.jpeg,withoutmask
541,withoutmask.69.jpeg,withoutmask
542,withoutmask.7.jpeg,withoutmask
543,withoutmask.70.jpeg,withoutmask
544,withoutmask.71.jpeg,withoutmask
545,withoutmask.72.jpeg,withoutmask
546,withoutmask.73.jpeg,withoutmask
547,withoutmask.74.jpeg,withoutmask
548,withoutmask.75.jpeg,withoutmask
549,withoutmask.76.jpeg,withoutmask
550,withoutmask.77.jpeg,withoutmask
551,withoutmask.78.jpeg,withoutmask
552,withoutmask.79.jpeg,withoutmask
553,withoutmask.8.jpeg,withoutmask
554,withoutmask.80.jpeg,withoutmask
555,withoutmask.81.jpeg,withoutmask
556,withoutmask.82.jpeg,withoutmask
557,withoutmask.83.jpeg,withoutmask
558,withoutmask.84.jpeg,withoutmask
559,withoutmask.85.jpeg,withoutmask
560,withoutmask.86.jpeg,withoutmask
561,withoutmask.87.jpeg,withoutmask
562,withoutmask.88.jpeg,withoutmask
563,withoutmask.89.jpeg,withoutmask
564,withoutmask.9.jpeg,withoutmask
565,withoutmask.90.jpeg,withoutmask
566,withoutmask.91.jpeg,withoutmask
567,withoutmask.92.jpeg,withoutmask
568,withoutmask.93.jpeg,withoutmask
569,withoutmask.94.jpeg,withoutmask
570,withoutmask.95.jpeg,withoutmask
571,withoutmask.96.jpeg,withoutmask
572,withoutmask.97.jpeg,withoutmask
573,withoutmask.98.jpeg,withoutmask
574,withoutmask.99.jpeg,withoutmask
